{
  "openapi": "3.0.1",
  "info": {
    "title": "IBM Watson Discovery query endpoint",
    "description": "IBM Watson Discovery simplified API spec for querying.  You can also download the full spec for the entire service by going to https://cloud.ibm.com/apidocs/discovery-data and clicking on the menu in the upper right.",
    "version": "1.1"
  },
  "servers": [
    {
      "url": "https://{discovery_url}",
      "description": "The Watson Discovery URL as specfied in the manage/credentials on IBM Cloud or Cloud Pak for Data",
      "variables": {
        "discovery_url": {
          "default": "api.us-south.discovery.watson.cloud.ibm.com/instances/12345-6789",
          "description": "The portions of the Watson Discovery URL that follow https://"
        }
      }
    }
  ],
  "security": [
    {
      "bearerAuth": []
    },
    {
      "basicAuth": []
    }
  ],
  "externalDocs": {
    "description": "For more information about this service, see docs.",
    "url": "https://cloud.ibm.com/docs/discovery-data",
    "x-release-notes": "https://cloud.ibm.com/docs/discovery-data?topic=discovery-data-release-notes"
  },
  "paths": {
    "/v2/projects/{project_id}/query": {
      "post": {
        "operationId": "query",
        "summary": "Query a project",
        "description": "Search your data by submitting queries that are written in natural language or formatted in the Discovery Query Language. For more information, see the [Discovery documentation](https://cloud.ibm.com/docs/discovery-data?topic=discovery-data-query-concepts). The default query parameters differ by project type. For more information about the project default settings, see the [Discovery documentation](https://cloud.ibm.com/docs/discovery-data?topic=discovery-data-query-defaults). See [the Projects API documentation](#create-project) for details about how to set custom default query settings. \n\nThe length of the UTF-8 encoding of the POST body cannot exceed 10,000 bytes, which is roughly equivalent to 10,000 characters in English.",
        "tags": [
          "Queries"
        ],
        "parameters": [
          {
            "name": "version",
            "in": "query",
            "description": "Release date of the version of the API you want to use. Specify dates in YYYY-MM-DD format. The current version is `2020-08-30`.",
            "required": true,
            "schema": {
              "type": "string"
            }
          },
          {
            "name": "project_id",
            "in": "path",
            "description": "The ID of the project. This information can be found from the *Integrate and Deploy* page in Discovery.",
            "required": true,
            "schema": {
              "type": "string",
              "minLength": 1,
              "maxLength": 255,
              "pattern": "^[a-zA-Z0-9_-]*$"
            }
          }
        ],
        "requestBody": {
          "$ref": "#/components/requestBodies/QueryLarge"
        },
        "responses": {
          "200": {
            "description": "Query executed successfully.",
            "content": {
              "application/json": {
                "schema": {
                  "$ref": "#/components/schemas/QueryResponse"
                }
              }
            }
          },
          "400": {
            "description": "Bad request.\n\n* Project has no collections.\n\n* A list of document ids is required in **similar.document_ids** when **similar.enabled** is `true`.",
            "content": {
              "application/json": {
                "schema": {
                  "$ref": "#/components/schemas/ErrorResponse"
                }
              }
            }
          },
          "404": {
            "description": "Bad request.",
            "content": {
              "application/json": {
                "schema": {
                  "$ref": "#/components/schemas/ErrorResponse"
                }
              }
            }
          }
        },
        "x-sdk-operations": {
          "request-examples": {
            "curl": [
              {
                "name": "Example request",
                "example": [
                  {
                    "type": "code",
                    "source": [
                      "curl -X POST {auth} \\\n",
                      "--header \"Content-Type: application/json\" \\\n",
                      "--data \"{ \\\n",
                      "  \\\"collection_ids\\\": [  \\\n",
                      "    \\\"{collection_id_1}\\\", \\\n",
                      "    \\\"{collection_id_2}\\\" \\\n",
                      "  ], \\\n",
                      "  \\\"query\\\": \\\"text:IBM\\\" \\\n",
                      "}\" \\\n",
                      "\"{url}/v2/projects/{project_id}/query?version=2020-08-30\""
                    ]
                  }
                ]
              }
            ],
            "java": [
              {
                "name": "Example request",
                "example": [
                  {
                    "type": "code",
                    "source": [
                      "CloudPakForDataAuthenticator authenticator = new CloudPakForDataAuthenticator(\"https://{cpd_cluster_host}{:port}/icp4d-api/v1/authorize\", \"{username}\", \"{password}\");\n",
                      "Discovery discovery = new Discovery(\"2020-08-30\", authenticator);\n",
                      "discovery.setServiceUrl(\"https://{cpd_cluster_host}{:port}/discovery/{release}/instances/{instance_id}/api\");\n",
                      "\n",
                      "QueryOptions options = new QueryOptions.Builder()\n",
                      "  .projectId(\"{project_id}\")\n",
                      "  .query(\"{field}:{value}\")\n",
                      "  .build();\n",
                      "\n",
                      "QueryResponse response = discovery.query(options).execute().getResult();\n",
                      "\n",
                      "System.out.println(response);"
                    ]
                  }
                ]
              }
            ],
            "node": [
              {
                "name": "Example request",
                "example": [
                  {
                    "type": "code",
                    "source": [
                      "const DiscoveryV2 = require('ibm-watson/discovery/v2');\n",
                      "const { CloudPakForDataAuthenticator } = require('ibm-watson/auth');\n",
                      "\n",
                      "const discovery = new DiscoveryV2({\n",
                      "  authenticator: new CloudPakForDataAuthenticator({\n",
                      "    url: 'https://{cpd_cluster_host}{:port}/icp4d-api/v1/authorize',\n",
                      "    username: '{username}',\n",
                      "    password: '{password}',\n",
                      "  }),\n",
                      "  version: '2020-08-30',\n",
                      "  serviceUrl: 'https://{cpd_cluster_host}{:port}/discovery/{release}/instances/{instance_id}/api',\n",
                      "});\n",
                      "\n",
                      "const params = {\n",
                      "  projectId: '{projectId}',\n",
                      "  query: '{field}:{value}',\n",
                      "};\n",
                      "\n",
                      "discovery.query(params)\n",
                      "  .then(response => {\n",
                      "    console.log(JSON.stringify(response.result, null, 2));\n",
                      "  })\n",
                      "  .catch(err => {\n",
                      "    console.log('error:', err);\n",
                      "  });\n",
                      ""
                    ]
                  }
                ]
              }
            ],
            "python": [
              {
                "name": "Example request",
                "example": [
                  {
                    "type": "code",
                    "source": [
                      "import json\n",
                      "from ibm_watson import DiscoveryV2\n",
                      "from ibm_cloud_sdk_core.authenticators import CloudPakForDataAuthenticator\n",
                      "\n",
                      "authenticator = CloudPakForDataAuthenticator(\n",
                      "                              '{username}',\n",
                      "                              '{password}',\n",
                      "                              'https://{cpd_cluster_host}{:port}/icp4d-api/v1/authorize',\n",
                      "                               disable_ssl_verification=True)\n",
                      "discovery = DiscoveryV2(\n",
                      "  version='2020-08-30',\n",
                      "  authenticator=authenticator\n",
                      ")\n",
                      "discovery.set_service_url('{https://{cpd_cluster_host}{:port}/discovery/{release}/instances/{instance_id}/api}')\n",
                      "\n",
                      "response = discovery.query(\n",
                      "  project_id='{project_id}',\n",
                      "  query='{field:value}'\n",
                      ").get_result()\n",
                      "\n",
                      "print(json.dumps(response, indent=2))\n",
                      ""
                    ]
                  }
                ]
              }
            ]
          }
        }
      }
    }
  },
  "components": {
    "securitySchemes": {
      "basicAuth": {
        "type": "http",
        "scheme": "basic"
      },
      "bearerAuth": {
        "type": "http",
        "scheme": "bearer"
      }
    },
    "parameters": {
      "collectionIdsParam": {
        "name": "collection_ids",
        "in": "query",
        "description": "Comma separated list of the collection IDs. If this parameter is not specified, all collections in the project are used.",
        "schema": {
          "type": "array",
          "items": {
            "type": "string"
          }
        }
      },
      "collectionIdParam": {
        "name": "collection_id",
        "in": "path",
        "description": "The ID of the collection.",
        "required": true,
        "schema": {
          "type": "string",
          "minLength": 1,
          "maxLength": 255,
          "pattern": "^[a-zA-Z0-9_-]*$"
        }
      },
      "documentIdParam": {
        "name": "document_id",
        "in": "path",
        "description": "The ID of the document.",
        "required": true,
        "schema": {
          "type": "string",
          "minLength": 1,
          "maxLength": 255,
          "pattern": "^[a-zA-Z0-9_-]*$"
        }
      },
      "acFieldParam": {
        "name": "field",
        "in": "query",
        "description": "The field in the result documents that autocompletion suggestions are identified from.",
        "schema": {
          "type": "string"
        }
      },
      "acPrefixParam": {
        "name": "prefix",
        "in": "query",
        "description": "The prefix to use for autocompletion. For example, the prefix `Ho` could autocomplete to `hot`, `housing`, or `how`.",
        "required": true,
        "schema": {
          "type": "string"
        }
      },
      "acCountParam": {
        "name": "count",
        "in": "query",
        "description": "The number of autocompletion suggestions to return.",
        "schema": {
          "type": "integer",
          "default": 5
        }
      },
      "filterParam": {
        "name": "filter",
        "in": "query",
        "description": "Searches for documents that match the Discovery Query Language criteria that is specified as input. Filter calls are cached and are faster than query calls because the results are not ordered by relevance. When used with the `aggregation`, `query`, or `natural_language_query` parameters, the `filter` parameter runs first. This parameter is useful for limiting results to those that contain specific metadata values.",
        "schema": {
          "type": "string"
        }
      },
      "queryParam": {
        "name": "query",
        "in": "query",
        "description": "A query search that is written in the Discovery Query Language and returns all matching documents in your data set with full enrichments and full text, and with the most relevant documents listed first.",
        "schema": {
          "type": "string"
        }
      },
      "nlqParam": {
        "name": "natural_language_query",
        "in": "query",
        "description": "A natural language query that returns relevant documents by using training data and natural language understanding.",
        "schema": {
          "type": "string",
          "minLength": 1,
          "maxLength": 2048
        }
      },
      "countParam": {
        "name": "count",
        "in": "query",
        "description": "Number of results to return. The maximum for the **count** and **offset** values together in any one query is **10,000**",
        "schema": {
          "type": "integer",
          "default": 10
        }
      },
      "offsetParam": {
        "name": "offset",
        "in": "query",
        "description": "The number of query results to skip at the beginning. For example, if the total number of results that are returned is 10 and the offset is 8, it returns the last two results. The maximum for the **count** and **offset** values together in any one query is **10000**",
        "schema": {
          "type": "integer"
        }
      },
      "docCountParam": {
        "name": "count",
        "in": "query",
        "description": "The maximum number of documents to return. Up to 1,000 documents are returned by default. The maximum number allowed is 10,000.",
        "schema": {
          "type": "integer",
          "default": 1000
        }
      }
    },
    "requestBodies": {
      "QueryLarge": {
        "content": {
          "application/json": {
            "schema": {
              "$ref": "#/components/schemas/QueryLarge"
            }
          }
        },
        "description": "An object that represents the query to be submitted."
      }
    },
    "schemas": {
      "TableElementLocation": {
        "type": "object",
        "required": [
          "begin",
          "end"
        ],
        "description": "The numeric location of the identified element in the document, represented with two integers labeled `begin` and `end`.",
        "properties": {
          "begin": {
            "description": "The element's `begin` index.",
            "type": "integer",
            "format": "int64"
          },
          "end": {
            "description": "The element's `end` index.",
            "type": "integer",
            "format": "int64"
          }
        }
      },
      "QueryResponse": {
        "type": "object",
        "description": "A response that contains the documents and aggregations for the query.",
        "properties": {
          "matching_results": {
            "description": "The number of matching results for the query. Results that match due to a curation only are not counted in the total.",
            "type": "integer",
            "format": "int32"
          },
          "results": {
            "description": "Array of document results for the query.",
            "type": "array",
            "items": {
              "$ref": "#/components/schemas/QueryResult"
            }
          },
          "retrieval_details": {
            "$ref": "#/components/schemas/RetrievalDetails"
          },
          "suggested_query": {
            "type": "string",
            "description": "Suggested correction to the submitted **natural_language_query** value."
          },
          "suggested_refinements": {
            "description": "Array of suggested refinements. **Note**: The `suggested_refinements` parameter that identified dynamic facets from the data is deprecated.",
            "type": "array",
            "items": {
              "$ref": "#/components/schemas/QuerySuggestedRefinement"
            },
            "deprecated": true
          },
          "table_results": {
            "description": "Array of table results.",
            "type": "array",
            "items": {
              "$ref": "#/components/schemas/QueryTableResult"
            }
          },
          "passages": {
            "type": "array",
            "description": "Passages that best match the query from across all of the collections in the project.",
            "items": {
              "$ref": "#/components/schemas/QueryResponsePassage"
            }
          }
        },
        "example": {
          "matching_results": 24,
          "retrieval_details": {
            "document_retrieval_strategy": "untrained"
          },
          "results": [
            {
              "id": "watson-generated ID"
            }
          ]
        }
      },
      "QueryResult": {
        "type": "object",
        "description": "Result document for the specified query.",
        "required": [
          "document_id",
          "result_metadata"
        ],
        "properties": {
          "document_id": {
            "type": "string",
            "description": "The unique identifier of the document."
          },
          "metadata": {
            "type": "object",
            "description": "Metadata of the document.",
            "additionalProperties": true
          },
          "result_metadata": {
            "$ref": "#/components/schemas/QueryResultMetadata"
          },
          "document_passages": {
            "type": "array",
            "description": "Passages from the document that best matches the query.",
            "items": {
              "$ref": "#/components/schemas/QueryResultPassage"
            }
          }
        },
        "additionalProperties": {
          "type": "object",
          "description": "The remaining key-value pairs"
        }
      },
      "QueryResultMetadata": {
        "type": "object",
        "description": "Metadata of a query result.",
        "required": [
          "collection_id"
        ],
        "properties": {
          "document_retrieval_source": {
            "type": "string",
            "enum": [
              "search",
              "curation"
            ],
            "description": "The document retrieval source that produced this search result."
          },
          "collection_id": {
            "type": "string",
            "description": "The collection id associated with this training data set."
          },
          "confidence": {
            "type": "number",
            "format": "double",
            "description": "The confidence score for the given result. Calculated based on how relevant the result is estimated to be. confidence can range from `0.0` to `1.0`. The higher the number, the more relevant the document. The `confidence` value for a result was calculated using the model specified in the `document_retrieval_strategy` field of the result set. This field is only returned if the **natural_language_query** parameter is specified in the query."
          }
        }
      },
      "QueryResultPassage": {
        "description": "A passage query result.",
        "type": "object",
        "properties": {
          "passage_text": {
            "type": "string",
            "description": "The content of the extracted passage."
          },
          "start_offset": {
            "type": "integer",
            "format": "int32",
            "description": "The position of the first character of the extracted passage in the originating field."
          },
          "end_offset": {
            "type": "integer",
            "format": "int32",
            "description": "The position after the last character of the extracted passage in the originating field."
          },
          "field": {
            "type": "string",
            "description": "The label of the field from which the passage has been extracted."
          },
          "confidence": {
            "type": "number",
            "description": "Estimate of the probability that the passage is relevant.",
            "format": "double",
            "minimum": 0,
            "maximum": 1
          },
          "answers": {
            "type": "array",
            "description": "An arry of extracted answers to the specified query.",
            "items": {
              "$ref": "#/components/schemas/ResultPassageAnswer"
            }
          }
        }
      },
      "QueryResponsePassage": {
        "description": "A passage query response.",
        "type": "object",
        "properties": {
          "passage_text": {
            "type": "string",
            "description": "The content of the extracted passage."
          },
          "passage_score": {
            "type": "number",
            "format": "double",
            "description": "The confidence score of the passage's analysis. A higher score indicates greater confidence. The score is used to rank the passages from all documents and is returned only if **passages.per_document** is `false`."
          },
          "document_id": {
            "type": "string",
            "description": "The unique identifier of the ingested document."
          },
          "collection_id": {
            "type": "string",
            "description": "The unique identifier of the collection."
          },
          "start_offset": {
            "type": "integer",
            "format": "int32",
            "description": "The position of the first character of the extracted passage in the originating field."
          },
          "end_offset": {
            "type": "integer",
            "format": "int32",
            "description": "The position after the last character of the extracted passage in the originating field."
          },
          "field": {
            "type": "string",
            "description": "The label of the field from which the passage has been extracted."
          },
          "confidence": {
            "type": "number",
            "description": "An estimate of the probability that the passage is relevant.",
            "format": "double",
            "minimum": 0,
            "maximum": 1
          },
          "answers": {
            "type": "array",
            "description": "An array of extracted answers to the specified query.",
            "items": {
              "$ref": "#/components/schemas/ResultPassageAnswer"
            }
          }
        }
      },
      "QueryTableResult": {
        "type": "object",
        "description": "A tables whose content or context match a search query.",
        "properties": {
          "table_id": {
            "type": "string",
            "description": "The identifier for the retrieved table."
          },
          "source_document_id": {
            "type": "string",
            "description": "The identifier of the document the table was retrieved from."
          },
          "collection_id": {
            "type": "string",
            "description": "The identifier of the collection the table was retrieved from."
          },
          "table_html": {
            "type": "string",
            "description": "HTML snippet of the table info."
          },
          "table_html_offset": {
            "type": "integer",
            "description": "The offset of the table html snippet in the original document html."
          },
          "table": {
            "$ref": "#/components/schemas/TableResultTable"
          }
        }
      },
      "QuerySuggestedRefinement": {
        "type": "object",
        "description": "A suggested additional query term or terms user to filter results. **Note**: The `suggested_refinements` parameter is deprecated.",
        "properties": {
          "text": {
            "type": "string",
            "description": "The text used to filter."
          }
        },
        "deprecated": true
      },
      "TableHeaders": {
        "type": "object",
        "description": "The contents of the current table's header.",
        "properties": {
          "cell_id": {
            "type": "string",
            "description": "The unique ID of the cell in the current table."
          },
          "location": {
            "type": "object",
            "description": "The location of the table header cell in the current table as defined by its `begin` and `end` offsets, respectfully, in the input document."
          },
          "text": {
            "type": "string",
            "description": "The textual contents of the cell from the input document without associated markup content."
          },
          "row_index_begin": {
            "type": "integer",
            "format": "int64",
            "description": "The `begin` index of this cell's `row` location in the current table."
          },
          "row_index_end": {
            "type": "integer",
            "format": "int64",
            "description": "The `end` index of this cell's `row` location in the current table."
          },
          "column_index_begin": {
            "type": "integer",
            "format": "int64",
            "description": "The `begin` index of this cell's `column` location in the current table."
          },
          "column_index_end": {
            "type": "integer",
            "format": "int64",
            "description": "The `end` index of this cell's `column` location in the current table."
          }
        }
      },
      "TableRowHeaders": {
        "type": "object",
        "description": "Row-level cells, each applicable as a header to other cells in the same row as itself, of the current table.",
        "properties": {
          "cell_id": {
            "type": "string",
            "description": "The unique ID of the cell in the current table."
          },
          "location": {
            "$ref": "#/components/schemas/TableElementLocation"
          },
          "text": {
            "type": "string",
            "description": "The textual contents of this cell from the input document without associated markup content."
          },
          "text_normalized": {
            "type": "string",
            "description": "If you provide customization input, the normalized version of the cell text according to the customization; otherwise, the same value as `text`."
          },
          "row_index_begin": {
            "type": "integer",
            "format": "int64",
            "description": "The `begin` index of this cell's `row` location in the current table."
          },
          "row_index_end": {
            "type": "integer",
            "format": "int64",
            "description": "The `end` index of this cell's `row` location in the current table."
          },
          "column_index_begin": {
            "type": "integer",
            "format": "int64",
            "description": "The `begin` index of this cell's `column` location in the current table."
          },
          "column_index_end": {
            "type": "integer",
            "format": "int64",
            "description": "The `end` index of this cell's `column` location in the current table."
          }
        }
      },
      "TableKeyValuePairs": {
        "type": "object",
        "description": "Key-value pairs detected across cell boundaries.",
        "properties": {
          "key": {
            "$ref": "#/components/schemas/TableCellKey"
          },
          "value": {
            "$ref": "#/components/schemas/TableCellValue"
          }
        }
      },
      "TableCellKey": {
        "type": "object",
        "description": "A key in a key-value pair.",
        "properties": {
          "cell_id": {
            "type": "string",
            "description": "The unique ID of the key in the table."
          },
          "location": {
            "$ref": "#/components/schemas/TableElementLocation"
          },
          "text": {
            "type": "string",
            "description": "The text content of the table cell without HTML markup."
          }
        }
      },
      "TableCellValue": {
        "type": "array",
        "description": "A list of values in a key-value pair.",
        "items": {
          "$ref": "#/components/schemas/TableCellValues"
        }
      },
      "TableCellValues": {
        "type": "object",
        "description": "A value in a key-value pair.",
        "properties": {
          "cell_id": {
            "type": "string",
            "description": "The unique ID of the value in the table."
          },
          "location": {
            "$ref": "#/components/schemas/TableElementLocation"
          },
          "text": {
            "type": "string",
            "description": "The text content of the table cell without HTML markup."
          }
        }
      },
      "TableBodyCells": {
        "type": "object",
        "description": "Cells that are not table header, column header, or row header cells",
        "properties": {
          "cell_id": {
            "type": "string",
            "description": "The unique ID of the cell in the current table."
          },
          "location": {
            "$ref": "#/components/schemas/TableElementLocation"
          },
          "text": {
            "type": "string",
            "description": "The textual contents of this cell from the input document without associated markup content."
          },
          "row_index_begin": {
            "type": "integer",
            "format": "int64",
            "description": "The `begin` index of this cell's `row` location in the current table."
          },
          "row_index_end": {
            "type": "integer",
            "format": "int64",
            "description": "The `end` index of this cell's `row` location in the current table."
          },
          "column_index_begin": {
            "type": "integer",
            "format": "int64",
            "description": "The `begin` index of this cell's `column` location in the current table."
          },
          "column_index_end": {
            "type": "integer",
            "format": "int64",
            "description": "The `end` index of this cell's `column` location in the current table."
          },
          "row_header_ids": {
            "description": "A list of table row header ids",
            "type": "array",
            "items": {
              "$ref": "#/components/schemas/TableRowHeaderIds"
            }
          },
          "row_header_texts": {
            "description": "A list of table row header texts",
            "type": "array",
            "items": {
              "$ref": "#/components/schemas/TableRowHeaderTexts"
            }
          },
          "row_header_texts_normalized": {
            "description": "A list of table row header texts normalized",
            "type": "array",
            "items": {
              "$ref": "#/components/schemas/TableRowHeaderTextsNormalized"
            }
          },
          "column_header_ids": {
            "description": "A list of table column header ids",
            "type": "array",
            "items": {
              "$ref": "#/components/schemas/TableColumnHeaderIds"
            }
          },
          "column_header_texts": {
            "description": "A list of table column header texts",
            "type": "array",
            "items": {
              "$ref": "#/components/schemas/TableColumnHeaderTexts"
            }
          },
          "column_header_texts_normalized": {
            "description": "A list of table column header texts normalized",
            "type": "array",
            "items": {
              "$ref": "#/components/schemas/TableColumnHeaderTextsNormalized"
            }
          },
          "attributes": {
            "description": "A list of document attributes",
            "type": "array",
            "items": {
              "$ref": "#/components/schemas/DocumentAttribute"
            }
          }
        }
      },
      "DocumentAttribute": {
        "type": "object",
        "description": "List of document attributes",
        "properties": {
          "type": {
            "type": "string",
            "description": "The type of attribute."
          },
          "text": {
            "type": "string",
            "description": "The text associated with the attribute."
          },
          "location": {
            "$ref": "#/components/schemas/TableElementLocation"
          }
        }
      },
      "TableRowHeaderIds": {
        "type": "object",
        "description": "An array of values, each being the `id` value of a row header that is applicable to this body cell.",
        "properties": {
          "id": {
            "type": "string",
            "description": "The `id` values of a row header."
          }
        }
      },
      "TableRowHeaderTexts": {
        "type": "object",
        "description": "An array of values, each being the `text` value of a row header that is applicable to this body cell.",
        "properties": {
          "text": {
            "type": "string",
            "description": "The `text` value of a row header."
          }
        }
      },
      "TableRowHeaderTextsNormalized": {
        "type": "object",
        "description": "If you provide customization input, the normalized version of the row header texts according to the customization; otherwise, the same value as `row_header_texts`.",
        "properties": {
          "text_normalized": {
            "type": "string",
            "description": "The normalized version of a row header text."
          }
        }
      },
      "TableColumnHeaderIds": {
        "type": "object",
        "description": "An array of values, each being the `id` value of a column header that is applicable to the current cell.",
        "properties": {
          "id": {
            "type": "string",
            "description": "The `id` value of a column header."
          }
        }
      },
      "TableColumnHeaderTexts": {
        "type": "object",
        "description": "An array of values, each being the `text` value of a column header that is applicable to the current cell.",
        "properties": {
          "text": {
            "type": "string",
            "description": "The `text` value of a column header."
          }
        }
      },
      "TableColumnHeaderTextsNormalized": {
        "type": "object",
        "description": "If you provide customization input, the normalized version of the column header texts according to the customization; otherwise, the same value as `column_header_texts`.",
        "properties": {
          "text_normalized": {
            "type": "string",
            "description": "The normalized version of a column header text."
          }
        }
      },
      "TableColumnHeaders": {
        "type": "object",
        "description": "Column-level cells, each applicable as a header to other cells in the same column as itself, of the current table.",
        "properties": {
          "cell_id": {
            "type": "string",
            "description": "The unique ID of the cell in the current table."
          },
          "location": {
            "type": "object",
            "description": "The location of the column header cell in the current table as defined by its `begin` and `end` offsets, respectfully, in the input document."
          },
          "text": {
            "type": "string",
            "description": "The textual contents of this cell from the input document without associated markup content."
          },
          "text_normalized": {
            "type": "string",
            "description": "If you provide customization input, the normalized version of the cell text according to the customization; otherwise, the same value as `text`."
          },
          "row_index_begin": {
            "type": "integer",
            "format": "int64",
            "description": "The `begin` index of this cell's `row` location in the current table."
          },
          "row_index_end": {
            "type": "integer",
            "format": "int64",
            "description": "The `end` index of this cell's `row` location in the current table."
          },
          "column_index_begin": {
            "type": "integer",
            "format": "int64",
            "description": "The `begin` index of this cell's `column` location in the current table."
          },
          "column_index_end": {
            "type": "integer",
            "format": "int64",
            "description": "The `end` index of this cell's `column` location in the current table."
          }
        }
      },
      "TableResultTable": {
        "type": "object",
        "description": "Full table object retrieved from Table Understanding Enrichment.",
        "properties": {
          "location": {
            "$ref": "#/components/schemas/TableElementLocation"
          },
          "text": {
            "type": "string",
            "description": "The textual contents of the current table from the input document without associated markup content."
          },
          "section_title": {
            "$ref": "#/components/schemas/TableTextLocation"
          },
          "title": {
            "$ref": "#/components/schemas/TableTextLocation"
          },
          "table_headers": {
            "type": "array",
            "description": "An array of table-level cells that apply as headers to all the other cells in the current table.",
            "items": {
              "$ref": "#/components/schemas/TableHeaders"
            }
          },
          "row_headers": {
            "type": "array",
            "description": "An array of row-level cells, each applicable as a header to other cells in the same row as itself, of the current table.",
            "items": {
              "$ref": "#/components/schemas/TableRowHeaders"
            }
          },
          "column_headers": {
            "type": "array",
            "description": "An array of column-level cells, each applicable as a header to other cells in the same column as itself, of the current table.",
            "items": {
              "$ref": "#/components/schemas/TableColumnHeaders"
            }
          },
          "key_value_pairs": {
            "type": "array",
            "description": "An array of key-value pairs identified in the current table.",
            "items": {
              "$ref": "#/components/schemas/TableKeyValuePairs"
            }
          },
          "body_cells": {
            "type": "array",
            "description": "An array of cells that are neither table header nor column header nor row header cells, of the current table with corresponding row and column header associations.",
            "items": {
              "$ref": "#/components/schemas/TableBodyCells"
            }
          },
          "contexts": {
            "type": "array",
            "description": "An array of lists of textual entries across the document related to the current table being parsed.",
            "items": {
              "$ref": "#/components/schemas/TableTextLocation"
            }
          }
        }
      },
      "TableTextLocation": {
        "type": "object",
        "description": "Text and associated location within a table.",
        "properties": {
          "text": {
            "type": "string",
            "description": "The text retrieved."
          },
          "location": {
            "$ref": "#/components/schemas/TableElementLocation"
          }
        }
      },
      "ErrorResponse": {
        "type": "object",
        "description": "Error response information",
        "required": [
          "code",
          "error"
        ],
        "properties": {
          "code": {
            "description": "The HTTP error status code.",
            "type": "integer",
            "format": "int32",
            "minimum": 100,
            "maximum": 600
          },
          "error": {
            "description": "A message describing the error.",
            "type": "string"
          }
        }
      },
      "QueryLarge": {
        "type": "object",
        "description": "Object that describes a long query.",
        "properties": {
          "collection_ids": {
            "type": "array",
            "items": {
              "type": "string"
            },
            "description": "A comma-separated list of collection IDs to be queried against."
          },
          "filter": {
            "type": "string",
            "description": "Searches for documents that match the Discovery Query Language criteria that is specified as input. Filter calls are cached and are faster than query calls because the results are not ordered by relevance. When used with the **aggregation**, **query**, or **natural_language_query** parameters, the **filter** parameter runs first. This parameter is useful for limiting results to those that contain specific metadata values."
          },
          "query": {
            "type": "string",
            "description": "A query search that is written in the Discovery Query Language and returns all matching documents in your data set with full enrichments and full text, and with the most relevant documents listed first. Use a query search when you want to find the most relevant search results."
          },
          "natural_language_query": {
            "type": "string",
            "description": "A natural language query that returns relevant documents by using training data and natural language understanding.",
            "minLength": 1,
            "maxLength": 2048
          },
          "aggregation": {
            "type": "string",
            "description": "An aggregation search that returns an exact answer by combining query search with filters. Useful for applications to build lists, tables, and time series. For more information about the supported types of aggregations, see the [Discovery documentation](https://cloud.ibm.com/docs/discovery-data?topic=discovery-data-query-aggregations)."
          },
          "count": {
            "type": "integer",
            "description": "Number of results to return."
          },
          "return": {
            "type": "array",
            "items": {
              "type": "string"
            },
            "description": "A list of the fields in the document hierarchy to return. You can specify both root-level (`text`) and nested (`extracted_metadata.filename`) fields. If this parameter is an empty list, then all fields are returned.",
            "x-item-name": "return_field"
          },
          "offset": {
            "type": "integer",
            "description": "The number of query results to skip at the beginning. For example, if the total number of results that are returned is 10 and the offset is 8, it returns the last two results."
          },
          "sort": {
            "type": "string",
            "description": "A comma-separated list of fields in the document to sort on. You can optionally specify a sort direction by prefixing the field with `-` for descending or `+` for ascending. Ascending is the default sort direction if no prefix is specified."
          },
          "highlight": {
            "type": "boolean",
            "description": "When `true`, a highlight field is returned for each result that contains fields that match the query. The matching query terms are emphasized with surrounding `<em></em>` tags. This parameter is ignored if **passages.enabled** and **passages.per_document** are `true`, in which case passages are returned for each document instead of highlights."
          },
          "spelling_suggestions": {
            "type": "boolean",
            "description": "When `true` and the **natural_language_query** parameter is used, the **natural_language_query** parameter is spell checked. The most likely correction is returned in the **suggested_query** field of the response (if one exists)."
          },
          "table_results": {
            "type": "object",
            "description": "Configuration for table retrieval",
            "properties": {
              "enabled": {
                "type": "boolean",
                "description": "Whether to enable table retrieval."
              },
              "count": {
                "type": "integer",
                "description": "Maximum number of tables to return."
              }
            }
          },
          "suggested_refinements": {
            "type": "object",
            "description": "Configuration for suggested refinements.\n\n**Note**: The **suggested_refinements** parameter that identified dynamic facets from the data is deprecated.",
            "properties": {
              "enabled": {
                "type": "boolean",
                "description": "Whether to perform suggested refinements."
              },
              "count": {
                "type": "integer",
                "description": "Maximum number of suggested refinements texts to be returned. The maximum is `100`.",
                "maximum": 100,
                "minimum": 1
              }
            },
            "deprecated": true
          },
          "passages": {
            "type": "object",
            "description": "Configuration for passage retrieval.",
            "properties": {
              "enabled": {
                "type": "boolean",
                "description": "A passages query that returns the most relevant passages from the results."
              },
              "per_document": {
                "type": "boolean",
                "description": "If `true`, ranks the documents by document quality, and then returns the highest-ranked passages per document in a `document_passages` field for each document entry in the results list of the response.\n\nIf `false`, ranks the passages from all of the documents by passage quality regardless of the document quality and returns them in a separate `passages` field in the response."
              },
              "max_per_document": {
                "type": "integer",
                "description": "Maximum number of passages to return per document in the result. Ignored if **passages.per_document** is `false`."
              },
              "fields": {
                "type": "array",
                "items": {
                  "type": "string"
                },
                "description": "A list of fields to extract passages from. If this parameter is an empty list, then all root-level fields are included."
              },
              "count": {
                "type": "integer",
                "description": "The maximum number of passages to return. Ignored if **passages.per_document** is `true`.",
                "maximum": 400
              },
              "characters": {
                "type": "integer",
                "description": "The approximate number of characters that any one passage will have.",
                "maximum": 2000,
                "minimum": 50
              },
              "find_answers": {
                "type": "boolean",
                "description": "When true, `answer` objects are returned as part of each passage in the query results. The primary difference between an `answer` and a `passage` is that the length of a passage is defined by the query, where the length of an `answer` is calculated by Discovery based on how much text is needed to answer the question.\n\nThis parameter is ignored if passages are not enabled for the query, or no **natural_language_query** is specified.\n\nIf the **find_answers** parameter is set to `true` and **per_document** parameter is also set to `true`, then the document search results and the passage search results within each document are reordered using the answer confidences. The goal of this reordering is to place the best answer as the first answer of the first passage of the first document. Similarly, if the **find_answers** parameter is set to `true` and **per_document** parameter is set to `false`, then the passage search results are reordered in decreasing order of the highest confidence answer for each document and passage.\n\nThe **find_answers** parameter is available only on managed instances of Discovery.",
                "default": false
              },
              "max_answers_per_passage": {
                "type": "integer",
                "description": "The number of `answer` objects to return per passage if the **find_answers** parmeter is specified as `true`.",
                "default": 1
              }
            }
          },
          "similar": {
            "type": "object",
            "description": "Finds results from documents that are similar to documents of interest. Use this parameter to add a *More like these* function to your search. You can include this parameter with or without a **query**, **filter** or **natural_language_query** parameter.",
            "properties": {
              "enabled": {
                "type": "boolean",
                "description": "When `true`, includes documents in the query results that are similar to documents you specify.",
                "default": false
              },
              "document_ids": {
                "type": "array",
                "description": "The list of documents of interest. Required if **enabled** is `true`.",
                "items": {
                  "type": "string"
                }
              },
              "fields": {
                "type": "array",
                "description": "Looks for similarities in the specified subset of fields in the documents. If not specified, all of the document fields are used.",
                "items": {
                  "type": "string"
                }
              }
            }
          }
        }
      },
      "RetrievalDetails": {
        "type": "object",
        "description": "An object contain retrieval type information.",
        "properties": {
          "document_retrieval_strategy": {
            "type": "string",
            "description": "Identifies the document retrieval strategy used for this query. `relevancy_training` indicates that the results were returned using a relevancy trained model. \n\n**Note**: In the event of trained collections being queried, but the trained model is not used to return results, the **document_retrieval_strategy** is listed as `untrained`.",
            "enum": [
              "untrained",
              "relevancy_training"
            ]
          }
        }
      },
      "ResultPassageAnswer": {
        "type": "object",
        "description": "Object that contains a potential answer to the specified query.",
        "properties": {
          "answer_text": {
            "type": "string",
            "description": "Answer text for the specified query as identified by Discovery."
          },
          "start_offset": {
            "type": "integer",
            "format": "int32",
            "description": "The position of the first character of the extracted answer in the originating field."
          },
          "end_offset": {
            "type": "integer",
            "format": "int32",
            "description": "The position after the last character of the extracted answer in the originating field."
          },
          "confidence": {
            "type": "number",
            "description": "An estimate of the probability that the answer is relevant.",
            "format": "double",
            "minimum": 0,
            "maximum": 1
          }
        }
      }
    }
  }
}
